"","Ton","Delay"
"1","0.10","4.86790863E-10"
"2","0.15","4.86046193e-10"
"3","0.26","4.84407919e-10"
"4","0.32","4.83514315e-10"
"5","0.38","4.82620711e-10"
"6","0.4","4.82322843e-10"
"7","0.5","4.80833503e-10"
"8","0.6","4.79344162e-10"
"9","0.65","4.78599492e-10"
"10","0.7","4.77854822e-10"
"11","0.8","4.77110152e-10"
"12","0.85","4.75620812e-10"